[
{
  "model": "titles.demographic",
  "pk": 1,
  "fields": {
    "name": "Shounen",
    "slug": "shounen"
  }
},
{
  "model": "titles.demographic",
  "pk": 2,
  "fields": {
    "name": "Shoujo",
    "slug": "shoujo"
  }
},
{
  "model": "titles.demographic",
  "pk": 3,
  "fields": {
    "name": "Seinen",
    "slug": "seinen"
  }
},
{
  "model": "titles.demographic",
  "pk": 4,
  "fields": {
    "name": "Josei",
    "slug": "josei"
  }
},
{
  "model": "titles.genre",
  "pk": 1,
  "fields": {
    "name": "Action",
    "slug": "action"
  }
},
{
  "model": "titles.genre",
  "pk": 2,
  "fields": {
    "name": "Adventure",
    "slug": "adventure"
  }
},
{
  "model": "titles.genre",
  "pk": 3,
  "fields": {
    "name": "Comedy",
    "slug": "comedy"
  }
},
{
  "model": "titles.genre",
  "pk": 4,
  "fields": {
    "name": "Crime",
    "slug": "crime"
  }
},
{
  "model": "titles.genre",
  "pk": 5,
  "fields": {
    "name": "Drama",
    "slug": "drama"
  }
},
{
  "model": "titles.genre",
  "pk": 6,
  "fields": {
    "name": "Fantasy",
    "slug": "fantasy"
  }
},
{
  "model": "titles.genre",
  "pk": 7,
  "fields": {
    "name": "Horror",
    "slug": "horror"
  }
},
{
  "model": "titles.genre",
  "pk": 8,
  "fields": {
    "name": "Historical",
    "slug": "historical"
  }
},
{
  "model": "titles.genre",
  "pk": 9,
  "fields": {
    "name": "Isekai",
    "slug": "isekai"
  }
},
{
  "model": "titles.genre",
  "pk": 10,
  "fields": {
    "name": "Mecha",
    "slug": "mecha"
  }
},
{
  "model": "titles.genre",
  "pk": 11,
  "fields": {
    "name": "magical Girls",
    "slug": "magical-girls"
  }
},
{
  "model": "titles.genre",
  "pk": 12,
  "fields": {
    "name": "Mystery",
    "slug": "mystery"
  }
},
{
  "model": "titles.genre",
  "pk": 13,
  "fields": {
    "name": "Psychological",
    "slug": "psychological"
  }
},
{
  "model": "titles.genre",
  "pk": 14,
  "fields": {
    "name": "Romance",
    "slug": "romance"
  }
},
{
  "model": "titles.genre",
  "pk": 15,
  "fields": {
    "name": "Sci-Fi",
    "slug": "sci-fi"
  }
},
{
  "model": "titles.genre",
  "pk": 16,
  "fields": {
    "name": "Slice of Life",
    "slug": "slice-of-life"
  }
},
{
  "model": "titles.genre",
  "pk": 17,
  "fields": {
    "name": "Sports",
    "slug": "sports"
  }
},
{
  "model": "titles.genre",
  "pk": 18,
  "fields": {
    "name": "Tragedy",
    "slug": "tragedy"
  }
},
{
  "model": "titles.publisher",
  "pk": 1,
  "fields": {
    "name": "Kodansha",
    "image": "publishers/1228020.png",
    "slug": "kodansha"
  }
},
{
  "model": "titles.publisher",
  "pk": 2,
  "fields": {
    "name": "Shueisha",
    "image": "",
    "slug": "shueisha"
  }
},
{
  "model": "titles.publisher",
  "pk": 4,
  "fields": {
    "name": "Shogakukan",
    "image": "",
    "slug": "shogakukan"
  }
},
{
  "model": "titles.publisher",
  "pk": 5,
  "fields": {
    "name": "Kadokawa Shoten",
    "image": "",
    "slug": "kadokawa-shoten"
  }
},
{
  "model": "titles.publisher",
  "pk": 6,
  "fields": {
    "name": "Core Magazine",
    "image": "",
    "slug": "core-magazine"
  }
},
{
  "model": "titles.publisher",
  "pk": 7,
  "fields": {
    "name": "Futabasha",
    "image": "",
    "slug": "futabasha"
  }
},
{
  "model": "titles.publisher",
  "pk": 8,
  "fields": {
    "name": "Naver",
    "image": "",
    "slug": "naver"
  }
},
{
  "model": "titles.publisher",
  "pk": 9,
  "fields": {
    "name": "Shinchosha",
    "image": "",
    "slug": "shinchosha"
  }
},
{
  "model": "titles.publisher",
  "pk": 10,
  "fields": {
    "name": "Square Enix",
    "image": "",
    "slug": "square-enix"
  }
},
{
  "model": "titles.mangatype",
  "pk": 1,
  "fields": {
    "name": "Manga",
    "slug": "manga"
  }
},
{
  "model": "titles.mangatype",
  "pk": 2,
  "fields": {
    "name": "Manhva",
    "slug": "manhva"
  }
},
{
  "model": "titles.mangatype",
  "pk": 3,
  "fields": {
    "name": "Manhua",
    "slug": "manhua"
  }
},
{
  "model": "titles.author",
  "pk": 3,
  "fields": {
    "name": "Nakamura",
    "surname": "Hinata",
    "pseudonym": "nakamura-hinata",
    "photo": ""
  }
},
{
  "model": "titles.author",
  "pk": 4,
  "fields": {
    "name": "Takano",
    "surname": "Hitomi",
    "pseudonym": "takano-hitomi",
    "photo": ""
  }
},
{
  "model": "titles.author",
  "pk": 5,
  "fields": {
    "name": "Soon",
    "surname": "Ki",
    "pseudonym": "soon-ki",
    "photo": ""
  }
},
{
  "model": "titles.author",
  "pk": 6,
  "fields": {
    "name": "Sahara",
    "surname": "Mizu",
    "pseudonym": "sahara-mizu",
    "photo": ""
  }
},
{
  "model": "titles.author",
  "pk": 7,
  "fields": {
    "name": "Asano",
    "surname": "Inio",
    "pseudonym": "asano-inio",
    "photo": ""
  }
},
{
  "model": "titles.author",
  "pk": 8,
  "fields": {
    "name": "Makoto",
    "surname": "Shinkai",
    "pseudonym": "makoto-shinkai",
    "photo": ""
  }
},
{
  "model": "titles.author",
  "pk": 9,
  "fields": {
    "name": "Satsuki",
    "surname": "Yoshino",
    "pseudonym": "satsuki-yoshino",
    "photo": ""
  }
},
{
  "model": "titles.theme",
  "pk": 1,
  "fields": {
    "name": "School",
    "slug": "school"
  }
},
{
  "model": "titles.theme",
  "pk": 2,
  "fields": {
    "name": "Cooking",
    "slug": "cooking"
  }
},
{
  "model": "titles.theme",
  "pk": 3,
  "fields": {
    "name": "Genderswap",
    "slug": "genderswap"
  }
},
{
  "model": "titles.theme",
  "pk": 4,
  "fields": {
    "name": "Gyaru",
    "slug": "gyaru"
  }
},
{
  "model": "titles.theme",
  "pk": 5,
  "fields": {
    "name": "Harem",
    "slug": "harem"
  }
},
{
  "model": "titles.theme",
  "pk": 6,
  "fields": {
    "name": "Magic",
    "slug": "magic"
  }
},
{
  "model": "titles.theme",
  "pk": 7,
  "fields": {
    "name": "Military",
    "slug": "military"
  }
},
{
  "model": "titles.theme",
  "pk": 9,
  "fields": {
    "name": "Monsters",
    "slug": "monsters"
  }
},
{
  "model": "titles.theme",
  "pk": 10,
  "fields": {
    "name": "Music",
    "slug": "music"
  }
},
{
  "model": "titles.theme",
  "pk": 11,
  "fields": {
    "name": "Supernatural",
    "slug": "supernatural"
  }
},
{
  "model": "titles.theme",
  "pk": 12,
  "fields": {
    "name": "Survival",
    "slug": "survival"
  }
},
{
  "model": "titles.theme",
  "pk": 13,
  "fields": {
    "name": "Office Workers",
    "slug": "office-workers"
  }
},
{
  "model": "titles.theme",
  "pk": 14,
  "fields": {
    "name": "Iyashikei",
    "slug": "iyashikei"
  }
},
{
  "model": "titles.magazine",
  "pk": 1,
  "fields": {
    "name": "Shonen Jump",
    "slug": "shonen-jump"
  }
},
{
  "model": "titles.magazine",
  "pk": 2,
  "fields": {
    "name": "Weekly Shōnen Jump",
    "slug": "weekly-shnen-jump"
  }
},
{
  "model": "titles.magazine",
  "pk": 3,
  "fields": {
    "name": "Weekly Shōnen Magazine",
    "slug": "weekly-shnen-magazine"
  }
},
{
  "model": "titles.magazine",
  "pk": 4,
  "fields": {
    "name": "CoroCoro Comic",
    "slug": "corocoro-comic"
  }
},
{
  "model": "titles.magazine",
  "pk": 6,
  "fields": {
    "name": "Weekly Young Jump",
    "slug": "weekly-young-jump"
  }
},
{
  "model": "titles.magazine",
  "pk": 7,
  "fields": {
    "name": "Weekly Young Magazine",
    "slug": "weekly-young-magazine"
  }
},
{
  "model": "titles.magazine",
  "pk": 8,
  "fields": {
    "name": "Monthly Shōnen Magazine",
    "slug": "monthly-shnen-magazine"
  }
},
{
  "model": "titles.magazine",
  "pk": 9,
  "fields": {
    "name": "Weekly Morning",
    "slug": "weekly-morning"
  }
},
{
  "model": "titles.magazine",
  "pk": 10,
  "fields": {
    "name": "good! Afternoon",
    "slug": "good-afternoon"
  }
},
{
  "model": "titles.magazine",
  "pk": 11,
  "fields": {
    "name": "Gekkan Action",
    "slug": "gekkan-action"
  }
},
{
  "model": "titles.magazine",
  "pk": 12,
  "fields": {
    "name": "Naver Webtoon",
    "slug": "naver-webtoon"
  }
},
{
  "model": "titles.magazine",
  "pk": 13,
  "fields": {
    "name": "Comic @ Bunch",
    "slug": "comic-bunch"
  }
},
{
  "model": "titles.magazine",
  "pk": 14,
  "fields": {
    "name": "Young Sunday",
    "slug": "young-sunday"
  }
},
{
  "model": "titles.magazine",
  "pk": 15,
  "fields": {
    "name": "Gessan",
    "slug": "gessan"
  }
},
{
  "model": "titles.magazine",
  "pk": 16,
  "fields": {
    "name": "Gangan Powered",
    "slug": "gangan-powered"
  }
},
{
  "model": "titles.magazine",
  "pk": 17,
  "fields": {
    "name": "Gangan Online",
    "slug": "gangan-online"
  }
},
{
  "model": "titles.magazine",
  "pk": 18,
  "fields": {
    "name": "Shounen Gangan",
    "slug": "shounen-gangan"
  }
},
{
  "model": "titles.title",
  "pk": 3,
  "fields": {
    "original_name": "Yasashii Hikari",
    "russian_name": "Теплая и слегка сонная ночь",
    "english_name": "Warm and somewhat sleepy light"
  }
},
{
  "model": "titles.title",
  "pk": 4,
  "fields": {
    "original_name": "Watashi no Shounen",
    "russian_name": "Мой мальчик",
    "english_name": "My Boy"
  }
},
{
  "model": "titles.title",
  "pk": 5,
  "fields": {
    "original_name": "치즈인더트랩",
    "russian_name": "Сыр в мышеловке",
    "english_name": "Cheese in the Trap"
  }
},
{
  "model": "titles.title",
  "pk": 6,
  "fields": {
    "original_name": "Bus Hashiru",
    "russian_name": "Автобусная остановка",
    "english_name": "Bus stop"
  }
},
{
  "model": "titles.title",
  "pk": 7,
  "fields": {
    "original_name": "ソラニン",
    "russian_name": "Соланин",
    "english_name": "Solanin"
  }
},
{
  "model": "titles.title",
  "pk": 8,
  "fields": {
    "original_name": "Tetsugaku Letra",
    "russian_name": "Танец красных туфель",
    "english_name": "Felsefe Sözleri"
  }
},
{
  "model": "titles.title",
  "pk": 9,
  "fields": {
    "original_name": "Byousoku 5 Centimeter",
    "russian_name": "Пять сантиметров в секунду",
    "english_name": "5 Centimeters Per Second"
  }
},
{
  "model": "titles.title",
  "pk": 11,
  "fields": {
    "original_name": "Barakamon",
    "russian_name": "Баракамон",
    "english_name": "Barakamon"
  }
},
{
  "model": "titles.adaptation",
  "pk": 2,
  "fields": {
    "adaptation": "5e2c3cc5-9106-459b-a203-f877298fca80",
    "based_on": "7a3654e2-e7f7-4036-bbe9-0d1c1a35af15"
  }
},
{
  "model": "titles.manga",
  "pk": "01d3a4b9-5487-4bbe-85c2-0bccd8855b84",
  "fields": {
    "title": 6,
    "type": 1,
    "author": 6,
    "premiere": "2007-01-01",
    "volumes": 1,
    "chapters": 5,
    "demographic": 3,
    "image": "manga/01d3a4b9-5487-4bbe-85c2-0bccd8855b84/d68ca7c6-e7e6-4c89-99ab-3ed452604eb6.jpg",
    "description": "This volume contains two parts, Bus Hashiru and Nanairo Sekai. Bus Hashiru is a collection of five short stories centered around bus stops. In all your encounters with strangers that take place there, isn't there a chance you might discover something you hadn't had before…? A new take on life, or a lost love - nothing is beyond you.",
    "publisher": [
      9
    ],
    "genre": [
      16,
      14,
      6,
      5
    ],
    "theme": [
      1,
      13
    ],
    "magazine": [
      13
    ]
  }
},
{
  "model": "titles.manga",
  "pk": "11b3a5e7-d23d-4a65-86b9-80cabe81517a",
  "fields": {
    "title": 8,
    "type": 1,
    "author": 6,
    "premiere": "2011-01-01",
    "volumes": 6,
    "chapters": 27,
    "demographic": 1,
    "image": "manga/11b3a5e7-d23d-4a65-86b9-80cabe81517a/052b5066-0b65-4c2e-9e9e-26d7f7799e10_1.jpg",
    "description": "In middle school, Ichinose Kimitaka taught his friends how to play basketball. Despite his experience with the sport, his friends quickly outmatched him in skill. After an incident brought on by his frustration and jealousy, he was crushed to overhear those same 'friends' discussing how they wished he'd just kill himself.\r\n\r\nOn his way to toss out his special basketball shoes, he met a girl who was just as frustrated, throwing her own dancing shoes away. She was so tall, and her hands and feet are so large, that she had been rejected from her chosen hobby of Spanish dancing. He urged her to give basketball a try, and the two exchanged their shoes instead of throwing them away.\r\n\r\nAs he enters high school, Kimitaka learns that meeting him changed that girl's life for the better, and she is now a happy, social basketball player. Will Kimitaka be able to find the courage to make new friends and pursue his own talents?",
    "publisher": [
      4
    ],
    "genre": [
      17,
      16,
      14,
      13,
      5,
      3
    ],
    "theme": [
      10
    ],
    "magazine": [
      15
    ]
  }
},
{
  "model": "titles.manga",
  "pk": "243ce5d1-9de0-4cb8-ad48-5b788020ae76",
  "fields": {
    "title": 5,
    "type": 2,
    "author": 5,
    "premiere": "2010-01-01",
    "volumes": 10,
    "chapters": 210,
    "demographic": 4,
    "image": "manga/243ce5d1-9de0-4cb8-ad48-5b788020ae76/e8ce1805-4f45-4bbd-bae7-5fb26f0b2e1a.jpg",
    "description": "Having returned to college after a year long break, Hong Sul, a hard-working over-achiever, inadvertently got on the wrong side of a suspiciously perfect senior named Yoo Jung. From then on, her life took a turn for the worse - and Sul was almost certain it was all Jung's doing. So why is he suddenly acting so friendly a year later?",
    "publisher": [
      8
    ],
    "genre": [
      18,
      16,
      14,
      13,
      5
    ],
    "theme": [
      1
    ],
    "magazine": [
      12
    ]
  }
},
{
  "model": "titles.manga",
  "pk": "31501a74-4cb5-49f8-b88a-73936397a5e8",
  "fields": {
    "title": 4,
    "type": 1,
    "author": 4,
    "premiere": "2015-01-01",
    "volumes": 9,
    "chapters": 43,
    "demographic": 3,
    "image": "manga/31501a74-4cb5-49f8-b88a-73936397a5e8/4cd36cb1-a919-4b71-b7a4-6aabeef7c5f8.jpg",
    "description": "Satoko Tawada is an office worker. She's almost 30 years old, but she still hasn't been able to find happiness in her life. Fate brings her with Mashu Hayami, a beautiful 12-year-old boy whom she finds practicing soccer all by himself in the park. Out of a whim, she decides to help Mashu with his practice, with her knowledge of soccer at her disposal. As they practice together on an everyday routine, the two eventually develop an emotional bond. When Satoko's ex-boyfriend deceives her, Mashu gladly comforts her. And when Satoko learns of Mashu's mostly absent parents, she starts to concern herself with his personal life. The two lonely souls find common ground and develop an emotional bond that transcends their age difference and circumstances. With this newfound bond, new feelings start to sprout within Satoko. Are these feelings that of maternity? Or is it something else?",
    "publisher": [
      1,
      7
    ],
    "genre": [
      16,
      13,
      5
    ],
    "theme": [
      1,
      13
    ],
    "magazine": [
      11,
      7
    ]
  }
},
{
  "model": "titles.manga",
  "pk": "7a3654e2-e7f7-4036-bbe9-0d1c1a35af15",
  "fields": {
    "title": 11,
    "type": 1,
    "author": 9,
    "premiere": "2009-01-01",
    "volumes": 18,
    "chapters": 186,
    "demographic": 1,
    "image": "manga/7a3654e2-e7f7-4036-bbe9-0d1c1a35af15/b27f48c1-3957-4f7d-a294-09df1abea732.jpg",
    "description": "Handa Seishuu, a young and handsome calligrapher, is sent to Japan's westernmost island after a certain incident. On the very first day of his new life in the countryside, Sensei, as he comes to be called, meets the simple and innocent Naru, a native kid.\r\nFollow the (mis)adventures of this city-bred, hot-and-cold Sensei as he deals with his new neighbors' never-ending antics.",
    "publisher": [
      10
    ],
    "genre": [
      16,
      3
    ],
    "theme": [
      1
    ],
    "magazine": [
      16,
      17,
      18
    ]
  }
},
{
  "model": "titles.manga",
  "pk": "83c332fb-e2b3-4140-970f-06903855bad4",
  "fields": {
    "title": 7,
    "type": 1,
    "author": 7,
    "premiere": "2005-01-01",
    "volumes": 2,
    "chapters": 29,
    "demographic": 3,
    "image": "manga/83c332fb-e2b3-4140-970f-06903855bad4/6a755c36-0053-4572-a383-d521dbf5f8c0.png",
    "description": "After graduating from college, Meiko went straight to work as an office lady, but she can't help feeling there should be something more to life. Determined to find a worthier goal, she quits work, but can she actually make her nebulous dreams come true- and how will her sudden decision affect her relationship with her boyfriend Taneda?",
    "publisher": [
      4
    ],
    "genre": [
      18,
      16,
      14,
      13,
      5
    ],
    "theme": [
      10
    ],
    "magazine": [
      14
    ]
  }
},
{
  "model": "titles.manga",
  "pk": "e6fccc26-fa17-41cc-99a2-f0cd00d4d730",
  "fields": {
    "title": 3,
    "type": 1,
    "author": 3,
    "premiere": "2018-01-01",
    "volumes": 3,
    "chapters": 14,
    "demographic": 3,
    "image": "manga/e6fccc26-fa17-41cc-99a2-f0cd00d4d730/244f9146-a4f8-4c55-aa3c-dbc176a15bf3.jpg",
    "description": "\"Maybe, if I were to live faraway……\"\r\nMiyake, a salaryman who had been living his life without a break, arrives for a new job on Tsukinowa island, where time flows gently. With a high school girl, Hiyoko, as his guide, a new life will begin!",
    "publisher": [
      1
    ],
    "genre": [
      16,
      14,
      5,
      3
    ],
    "theme": [
      1
    ],
    "magazine": [
      10
    ]
  }
},
{
  "model": "titles.animetype",
  "pk": 1,
  "fields": {
    "name": "TV Show",
    "slug": "tv-show"
  }
},
{
  "model": "titles.animetype",
  "pk": 2,
  "fields": {
    "name": "Movie",
    "slug": "movie"
  }
},
{
  "model": "titles.animetype",
  "pk": 3,
  "fields": {
    "name": "ONA",
    "slug": "ona"
  }
},
{
  "model": "titles.animetype",
  "pk": 4,
  "fields": {
    "name": "OVA",
    "slug": "ova"
  }
},
{
  "model": "titles.animetype",
  "pk": 5,
  "fields": {
    "name": "Special",
    "slug": "special"
  }
},
{
  "model": "titles.animetype",
  "pk": 6,
  "fields": {
    "name": "Special",
    "slug": "special"
  }
},
{
  "model": "titles.animetype",
  "pk": 7,
  "fields": {
    "name": "Clip",
    "slug": "clip"
  }
},
{
  "model": "titles.studio",
  "pk": 1,
  "fields": {
    "name": "Kyoto Animation",
    "image": "studios/hiragana-chart.jpg",
    "slug": "kyoto-animation"
  }
},
{
  "model": "titles.studio",
  "pk": 2,
  "fields": {
    "name": "Sunrise",
    "image": "",
    "slug": "sunrise"
  }
},
{
  "model": "titles.studio",
  "pk": 3,
  "fields": {
    "name": "Madhouse",
    "image": "",
    "slug": "madhouse"
  }
},
{
  "model": "titles.studio",
  "pk": 4,
  "fields": {
    "name": "J.C.Staff",
    "image": "",
    "slug": "jcstaff"
  }
},
{
  "model": "titles.studio",
  "pk": 5,
  "fields": {
    "name": "Production I.G",
    "image": "",
    "slug": "production-ig"
  }
},
{
  "model": "titles.studio",
  "pk": 6,
  "fields": {
    "name": "TMS Entertainment",
    "image": "",
    "slug": "tms-entertainment"
  }
},
{
  "model": "titles.studio",
  "pk": 7,
  "fields": {
    "name": "Studio Deen",
    "image": "",
    "slug": "studio-deen"
  }
},
{
  "model": "titles.studio",
  "pk": 8,
  "fields": {
    "name": "Studio Pierrot",
    "image": "",
    "slug": "studio-pierrot"
  }
},
{
  "model": "titles.studio",
  "pk": 9,
  "fields": {
    "name": "OLM",
    "image": "",
    "slug": "olm"
  }
},
{
  "model": "titles.studio",
  "pk": 10,
  "fields": {
    "name": "A-1 Pictures",
    "image": "",
    "slug": "a-1-pictures"
  }
},
{
  "model": "titles.studio",
  "pk": 11,
  "fields": {
    "name": "Bones",
    "image": "",
    "slug": "bones"
  }
},
{
  "model": "titles.studio",
  "pk": 12,
  "fields": {
    "name": "Gonzo",
    "image": "",
    "slug": "gonzo"
  }
},
{
  "model": "titles.studio",
  "pk": 13,
  "fields": {
    "name": "MAPPA",
    "image": "",
    "slug": "mappa"
  }
},
{
  "model": "titles.studio",
  "pk": 14,
  "fields": {
    "name": "Wit Studio",
    "image": "",
    "slug": "wit-studio"
  }
},
{
  "model": "titles.studio",
  "pk": 16,
  "fields": {
    "name": "Ufotable",
    "image": "",
    "slug": "ufotable"
  }
},
{
  "model": "titles.studio",
  "pk": 17,
  "fields": {
    "name": "Kinema Citrus",
    "image": "",
    "slug": "kinema-citrus"
  }
},
{
  "model": "titles.anime",
  "pk": "142fd1f9-e310-4787-b8fa-0ca3b14d496a",
  "fields": {
    "title": 9,
    "type": 2,
    "premiere": "2007-01-01",
    "episodes": 3,
    "image": "anime/142fd1f9-e310-4787-b8fa-0ca3b14d496a/db2c5206881d37ff23f027988e1116091362702997_main.jpg",
    "description": "What happens when two people love each other but just aren't meant to be together? Takaki Toono and Akari Shinohara are childhood friends, but circumstances beyond their control tear them apart. They promise to stay in contact, and although the progression of time widens the distance between them, the chain of memories remains ever-present.\r\n\r\nByousoku 5 Centimeter is a romantic drama that focuses on the mundane and harsh reality of long-distance relationships. Stuck in the past and unable to make any new memories, Takaki and Akari cling to the hope of seeing each other again. They live their everyday lives half-heartedly, both hurting themselves and the people around them.",
    "studio": [],
    "genre": [
      16,
      14,
      5
    ],
    "theme": [
      1,
      13
    ]
  }
},
{
  "model": "titles.anime",
  "pk": "5e2c3cc5-9106-459b-a203-f877298fca80",
  "fields": {
    "title": 11,
    "type": 1,
    "premiere": "2014-08-14",
    "episodes": 12,
    "image": "anime/5e2c3cc5-9106-459b-a203-f877298fca80/111248l.jpg",
    "description": "Seishuu Handa is an up-and-coming calligrapher: young, handsome, talented, and unfortunately, a narcissist to boot. When a veteran labels his award-winning piece as \"unoriginal,\" Seishuu quickly loses his cool with severe repercussions.\r\n\r\nAs punishment, and also in order to aid him in self-reflection, Seishuu's father exiles him to the Goto Islands, far from the comfortable Tokyo lifestyle the temperamental artist is used to. Now thrown into a rural setting, Seishuu must attempt to find new inspiration and develop his own unique art style—that is, if boisterous children (headed by the frisky Naru Kotoishi), fujoshi middle schoolers, and energetic old men stop barging into his house! The newest addition to the intimate and quirky Goto community only wants to get some work done, but the islands are far from the peaceful countryside he signed up for. Thanks to his wacky neighbors who are entirely incapable of minding their own business, the arrogant calligrapher learns so much more than he ever hoped to.",
    "studio": [
      17
    ],
    "genre": [
      16,
      3
    ],
    "theme": [
      1
    ]
  }
}
]
